FN,FP,MSE,TN,TP,sr
25.8,7.0,0.005165488247870218,370.0,10.2,81
11.1,8.6,0.003254005843049993,368.4,24.9,162
5.8,11.8,0.0017514921728036363,365.2,30.2,243
8.4,7.8,0.0019938420981675817,369.2,27.6,324
11.9,5.0,0.001747490944683636,372.0,24.1,405
