FN,FP,MSE,TN,TP,sr
28.1,14.8,0.0063330082683167605,362.2,7.9,81
14.0,6.1,0.003976990238842615,370.9,22.0,162
9.1,9.3,0.003106575422010011,367.7,26.9,243
6.7,6.8,0.0022105264511084136,370.2,29.3,324
7.9,8.8,0.002252866406136228,368.2,28.1,405
