FN,FP,MSE,TN,TP,sr
20.2,15.8,0.005213813121290557,361.2,15.8,81
10.3,12.9,0.005755549719573064,364.1,25.7,162
7.7,8.9,0.0014721178345159303,368.1,28.3,243
8.8,8.3,0.0027259513946432815,368.7,27.2,324
7.8,7.1,0.0028170956569852365,369.9,28.2,405
