FN,FP,MSE,TN,TP,sr
36.0,0.0,0.007164766767437145,377.0,0.0,81
32.0,10.1,0.005041276882899493,366.9,4.0,162
11.1,6.9,0.0025320700572979515,370.1,24.9,243
14.3,7.6,0.0021146996788186834,369.4,21.7,324
7.7,6.6,0.001572844540546074,370.4,28.3,405
