FN,FP,MSE,TN,TP,sr
13.5,7.6,0.0042682587959227605,369.4,22.5,81
9.2,11.1,0.003840556194779144,365.9,26.8,162
7.7,7.7,0.004014030015424642,369.3,28.3,243
8.1,7.5,0.0036396321720603996,369.5,27.9,324
9.7,7.5,0.001467734486939851,369.5,26.3,405
