FN,FP,MSE,TN,TP,sr
15.9,10.1,0.004197174571110142,366.9,20.1,81
8.6,10.1,0.003174384580102428,366.9,27.4,162
10.9,8.5,0.0024371655731922517,368.5,25.1,243
7.7,7.6,0.002722728361777186,369.4,28.3,324
10.4,7.3,0.002223933550952112,369.7,25.6,405
