FN,FP,MSE,TN,TP,sr
10.0,7.2,0.0036895064263295406,369.8,26.0,81
9.4,6.5,0.0022276925764506054,370.5,26.6,162
10.0,11.7,0.002605868773503148,365.3,26.0,243
8.7,10.5,0.002475116251158353,366.5,27.3,324
7.2,7.8,0.0020699525238394674,369.2,28.8,405
