FN,FP,MSE,TN,TP,sr
36.0,0.0,0.007360419976071913,377.0,0.0,81
28.1,3.6,0.005827356165712213,373.4,7.9,162
13.8,8.1,0.0032041353488177562,368.9,22.2,243
9.7,7.3,0.0021422462567979974,369.7,26.3,324
9.8,10.0,0.003088265342949446,367.0,26.2,405
