FN,FP,MSE,TN,TP,sr
34.6,0.9,0.007539120202339812,376.1,1.4,81
21.1,8.2,0.0056275356976663434,368.8,14.9,162
10.7,7.7,0.0026413749817786993,369.3,25.3,243
9.5,6.0,0.002776052079266779,371.0,26.5,324
11.3,7.0,0.002564911844857988,370.0,24.7,405
