FN,FP,MSE,TN,TP,sr
24.6,13.2,0.006354371660136078,363.8,11.4,81
6.7,11.8,0.0021159048935668434,365.2,29.3,162
9.9,8.7,0.002113515240908374,368.3,26.1,243
8.5,5.8,0.001425651259192025,371.2,27.5,324
10.4,6.8,0.0019874597644456552,370.2,25.6,405
