FN,FP,MSE,TN,TP,sr
10.8,10.2,0.0033292978208232455,366.8,25.2,81
12.7,10.9,0.003464502438645279,366.1,23.3,162
7.0,7.8,0.0027260932771351093,369.2,29.0,243
10.5,9.4,0.0029588377723970944,367.6,25.5,324
7.8,8.2,0.0019029982124174338,368.8,28.2,405
