FN,FP,MSE,TN,TP,sr
10.9,15.1,0.0034280333602367498,361.9,25.1,81
12.4,9.2,0.0033457761635727738,367.8,23.6,162
9.7,9.5,0.003114251708068039,367.5,26.3,243
8.6,8.8,0.003305767582877482,368.2,27.4,324
8.8,9.3,0.0019016530335097125,367.7,27.2,405
