FN,FP,MSE,TN,TP,sr
18.6,13.2,0.00668781747819207,363.8,17.4,81
8.7,6.6,0.0018773191521641644,370.4,27.3,162
8.7,7.2,0.0020935305046336774,369.8,27.3,243
10.3,8.0,0.0027541643947494457,369.0,25.7,324
7.8,7.8,0.0025561506059171065,369.2,28.2,405
