FN,FP,MSE,TN,TP,sr
21.4,8.7,0.003356690706364164,368.3,14.6,81
11.2,10.9,0.0052398868823723,366.1,24.8,162
8.2,11.3,0.0017265463437997467,365.7,27.8,243
9.4,7.8,0.0025166959657282155,369.2,26.6,324
8.3,11.9,0.0027032602797811534,365.1,27.7,405
